{"init_params": {"cat_dims": [2, 7, 4, 11, 11, 11, 11, 10, 10], "cat_emb_dim": [2, 2, 2, 2, 2, 2, 2, 2, 2], "cat_idxs": [1, 2, 3, 5, 6, 7, 8, 9, 10], "clip_value": 1, "device_name": "cuda", "epsilon": 1e-15, "gamma": 1.5, "grouped_features": [], "input_dim": 23, "lambda_sparse": 0.0001, "mask_type": "sparsemax", "momentum": 0.02, "n_a": 32, "n_d": 32, "n_indep_decoder": 1, "n_independent": 2, "n_shared": 2, "n_shared_decoder": 1, "n_steps": 5, "optimizer_params": {"lr": 0.002}, "output_dim": 2, "scheduler_params": {"step_size": 20, "gamma": 0.9}, "seed": 0, "verbose": 10}, "class_attrs": {"preds_mapper": {"0": 0, "1": 1}}}